{"biography": "8-7-19 🕊🔒🙏.\n𝕭𝖑𝖊$$𝖊𝖉.", "date_joined": "2016-04-04T18:34:39", "email": "jbtellei04@gmail.com", "gender": "male", "private_account": false, "name": "⛈𝕬𝖗𝖎𝖆𝖘 𝕬.⛈", "profile_pic_url": "https://scontent.cdninstagram.com/v/t51.2885-19/s150x150/97591003_373569013605296_8233535053271924736_n.jpg?_nc_ht=scontent.cdninstagram.com&_nc_ohc=_ATV1hJg7NQAX-Gd1Rw&oh=988eab8529ed74ba0c1fae30eae88c46&oe=5EF1B22E", "username": "rye2ff", "profile_picture_changes": [{"upload_timestamp": "2019-11-05T01:44:52+00:00"}, {"upload_timestamp": "2019-11-05T08:41:11+00:00"}, {"upload_timestamp": "2019-12-10T07:53:51+00:00"}, {"upload_timestamp": "2019-12-10T07:57:37+00:00"}, {"upload_timestamp": "2019-12-10T08:12:27+00:00"}, {"upload_timestamp": "2019-12-10T08:14:03+00:00"}, {"upload_timestamp": "2019-12-10T08:14:56+00:00"}, {"upload_timestamp": "2019-12-10T08:15:56+00:00"}, {"upload_timestamp": "2019-12-10T08:35:29+00:00"}, {"upload_timestamp": "2019-12-28T09:21:53+00:00"}, {"upload_timestamp": "2019-12-28T09:22:35+00:00"}, {"upload_timestamp": "2019-12-28T09:23:22+00:00"}, {"upload_timestamp": "2019-12-28T09:24:11+00:00"}, {"upload_timestamp": "2020-03-09T20:59:14+00:00"}, {"upload_timestamp": "2020-03-13T14:12:16+00:00"}, {"upload_timestamp": "2020-03-15T00:06:29+00:00"}, {"upload_timestamp": "2020-04-03T07:17:19+00:00"}, {"upload_timestamp": "2020-05-20T09:04:30+00:00"}, {"upload_timestamp": "2020-05-20T09:06:21+00:00"}, {"upload_timestamp": "2020-05-20T09:08:51+00:00"}, {"upload_timestamp": "2020-05-20T09:10:45+00:00"}, {"upload_timestamp": "2020-05-20T09:32:17+00:00"}]}