[{"search_click": "wetokolehawaii", "time": "2020-05-21T14:22:13+00:00", "type": "user"}, {"search_click": "wetokra", "time": "2020-05-21T14:21:54+00:00", "type": "user"}, {"search_click": "haamaakkoo", "time": "2020-05-21T11:27:24+00:00", "type": "user"}, {"search_click": "_joelmase", "time": "2020-05-21T11:01:18+00:00", "type": "user"}, {"search_click": "lexi_santos671", "time": "2020-05-20T13:49:23+00:00", "type": "user"}, {"search_click": "theoriginalnicolee", "time": "2020-05-18T22:49:59+00:00", "type": "user"}, {"search_click": "prettyboyrecardo", "time": "2020-05-18T09:18:04+00:00", "type": "user"}, {"search_click": "ayeeeitzzbubba", "time": "2020-05-17T09:49:39+00:00", "type": "user"}, {"search_click": "isabelletellei", "time": "2020-05-16T15:21:43+00:00", "type": "user"}, {"search_click": "guamfunnymemes", "time": "2020-05-14T12:55:07+00:00", "type": "user"}, {"search_click": "bustarhymes", "time": "2020-05-14T12:54:39+00:00", "type": "user"}, {"search_click": "ashtonnxcole", "time": "2020-05-14T12:31:36+00:00", "type": "user"}, {"search_click": "hookedonaimee", "time": "2020-05-14T11:45:29+00:00", "type": "user"}, {"search_click": "6ix9ine", "time": "2020-05-12T15:22:12+00:00", "type": "user"}, {"search_click": "recardolmao", "time": "2020-05-12T11:04:52+00:00", "type": "user"}, {"search_click": "2pac", "time": "2020-05-12T02:33:48+00:00", "type": "user"}, {"search_click": "drilled2", "time": "2020-05-11T17:27:59+00:00", "type": "user"}, {"search_click": "g.c_671", "time": "2020-05-11T17:27:55+00:00", "type": "user"}, {"search_click": "drilled", "time": "2020-05-11T12:57:44+00:00", "type": "user"}, {"search_click": "muleeahh", "time": "2020-05-10T07:22:25+00:00", "type": "user"}, {"search_click": "hoodratchetv", "time": "2020-05-09T08:05:11+00:00", "type": "user"}, {"search_click": "onlybeefs", "time": "2020-05-09T01:32:11+00:00", "type": "user"}, {"search_click": "worldstar", "time": "2020-05-06T09:30:55+00:00", "type": "user"}, {"search_click": "debbyryan", "time": "2020-05-06T06:15:09+00:00", "type": "user"}, {"search_click": "kourtneymoniquee", "time": "2020-05-04T14:21:01+00:00", "type": "user"}, {"search_click": "mossssssyyy", "time": "2020-05-04T02:55:33+00:00", "type": "user"}, {"search_click": "iamhalsey", "time": "2020-05-03T06:31:32+00:00", "type": "user"}, {"search_click": "tatsukivallery", "time": "2020-05-03T01:37:41+00:00", "type": "user"}, {"search_click": "iamcraiglewis2", "time": "2020-05-02T01:19:46+00:00", "type": "user"}, {"search_click": "slimjim", "time": "2020-05-02T01:05:17+00:00", "type": "user"}, {"search_click": "holdup.comments", "time": "2020-05-02T00:58:53+00:00", "type": "user"}, {"search_click": "j.cole", "time": "2020-04-30T05:40:11+00:00", "type": "user"}, {"search_click": "fortheloveofjcole", "time": "2020-04-30T05:39:51+00:00", "type": "user"}, {"search_click": "jcolewrld", "time": "2020-04-30T05:39:42+00:00", "type": "user"}, {"search_click": "russ", "time": "2020-04-29T13:42:00+00:00", "type": "user"}, {"search_click": "_sharlakay", "time": "2020-04-29T10:25:22+00:00", "type": "user"}, {"search_click": "fist4fist", "time": "2020-04-29T03:50:53+00:00", "type": "user"}, {"search_click": "2020money99", "time": "2020-04-28T11:44:09+00:00", "type": "user"}, {"search_click": "ekua.yu", "time": "2020-04-28T10:54:27+00:00", "type": "user"}, {"search_click": "kuamnews", "time": "2020-04-28T01:48:34+00:00", "type": "user"}, {"search_click": "brzydes__", "time": "2020-04-25T17:00:14+00:00", "type": "user"}, {"search_click": "gabefrmcp", "time": "2020-04-25T08:28:46+00:00", "type": "user"}, {"search_click": "billieeilish", "time": "2020-04-23T14:47:34+00:00", "type": "user"}]